<?xml version="1.0" encoding="UTF-8"?>
<project-private xmlns="http://www.netbeans.org/ns/project-private/1">
    <editor-bookmarks xmlns="http://www.netbeans.org/ns/editor-bookmarks/2" lastBookmarkId="0"/>
    <open-files xmlns="http://www.netbeans.org/ns/projectui-open-files/2">
        <group>
            <file>file:/C:/Users/baonl1957/Documents/NetBeansProjects/Teamproject/web/index.html</file>
            <file>file:/C:/Users/baonl1957/Documents/NetBeansProjects/Teamproject/web/StudentProfile.jsp</file>
            <file>file:/C:/Users/baonl1957/Documents/NetBeansProjects/Teamproject/src/java/model/StudentProfile.java</file>
            <file>file:/C:/Users/baonl1957/Documents/NetBeansProjects/Teamproject/src/java/control/StudentProfileServlet.java</file>
        </group>
    </open-files>
</project-private>
